stop_id,stop_name,transit_type,status,shade_score,timestamp
0,Thiruvanmiyur Moffusil bus stop,bus,success,37.8,2026-04-16T14:51:17
1,Sathya Studio,bus,success,36.5,2026-04-16T14:51:19
2,Guindy,bus,success,36.4,2026-04-16T14:51:24
3,bus_13.0506_80.2797,bus,success,20.8,2026-04-16T14:52:32
4,Sambandam Nagar,bus,success,14.0,2026-04-16T14:53:41
5,Velachery Vijayanagar Bus Terminus,bus,success,19.4,2026-04-16T14:55:01
6,மூவரசம்பட்டு கூட்ரோடு,bus,success,12.1,2026-04-16T14:56:12
7,Hindu Colony,bus,success,21.7,2026-04-16T14:56:22
8,Chidambaram Stores,bus,success,20.4,2026-04-16T14:59:12
9,பரங்கிமலை ரயில் நிலையம்,bus,success,15.7,2026-04-16T15:00:21
10,Guindy Station,bus,success,45.0,2026-04-16T15:00:30
11,Eldams Road,bus,success,50.0,2026-04-16T15:01:24
12,Alwarpet,bus,success,68.0,2026-04-16T15:01:32
13,ஆழ்வார் பேட்டை,bus,success,63.6,2026-04-16T15:02:53
14,ஆழ்வார் பேட்டை,bus,success,72.9,2026-04-16T15:03:04
15,Vanavil,bus,success,45.0,2026-04-16T15:03:48
16,SIET,bus,success,45.5,2026-04-16T15:05:10
17,Stella Maris,bus,success,41.0,2026-04-16T15:07:20
18,Chola Sheraton,bus,success,50.0,2026-04-16T15:07:30
19,Music Academy,bus,success,47.4,2026-04-16T15:07:51
20,ஆழ்வார் பேட்டை,bus,success,68.7,2026-04-16T15:11:25
21,TTK Road,bus,success,67.5,2026-04-16T15:11:34
22,bus_13.0355_80.2474,bus,success,47.5,2026-04-16T15:11:59
23,General Hospital,bus,success,12.9,2026-04-16T15:14:33
24,Ripon Building,bus,success,8.7,2026-04-16T15:14:42
25,Nandanam YMCA,bus,success,48.5,2026-04-16T15:17:38
26,சைதாப்பேட்டை பாலம்,bus,success,18.9,2026-04-16T15:21:48
27,bus_13.0292_80.2542,bus,success,82.5,2026-04-16T15:22:58
28,bus_13.0294_80.2598,bus,success,66.4,2026-04-16T15:27:13
29,bus_13.0290_80.2493,bus,success,67.0,2026-04-16T15:27:20
30,Commissioner Office,bus,success,23.4,2026-04-16T15:28:02
31,Egmore Court,bus,success,22.7,2026-04-16T15:28:17
32,bus_13.0784_80.2637,bus,success,14.9,2026-04-16T15:30:03
33,bus_13.0353_80.2505,bus,success,55.6,2026-04-16T15:32:12
34,Aalandur Metro,bus,success,18.1,2026-04-16T15:35:24
35,bus_13.0025_80.2008,bus,success,19.1,2026-04-16T15:35:33
36,Egmore Station,bus,success,20.4,2026-04-16T15:36:26
37,Sadasiva Nagar,bus,success,13.7,2026-04-16T15:38:40
38,சைதாப்பேட்டை பாலம்,bus,success,17.9,2026-04-16T15:38:51
39,Vanavil,bus,success,47.4,2026-04-16T15:39:43
40,SIET,bus,success,43.9,2026-04-16T15:41:58
41,DMS,bus,success,44.0,2026-04-16T15:42:13
42,Vanuvampet,bus,success,12.6,2026-04-16T15:44:06
43,Pazhavanthangal Station,bus,success,16.2,2026-04-16T15:46:15
44,Simson,bus,success,10.3,2026-04-16T15:46:27
45,P.Orr & Sons,bus,success,12.3,2026-04-16T15:48:14
46,Dams Road,bus,success,8.6,2026-04-16T15:48:22
47,LIC,bus,success,17.0,2026-04-16T15:49:16
48,TVS,bus,success,21.3,2026-04-16T15:51:25
49,TVS,bus,success,22.8,2026-04-16T15:52:34
50,bus_13.0627_80.2447,bus,success,60.1,2026-04-16T15:54:47
51,ஜெமினி,bus,success,44.2,2026-04-16T15:56:57
52,IIT/CLRI,bus,success,52.8,2026-04-16T15:58:08
53,மூவரசம்பேட்டை,bus,success,11.8,2026-04-16T15:58:18
54,Axis bank,bus,success,11.9,2026-04-16T15:59:41
55,Ponniamman Koil,bus,success,14.7,2026-04-16T16:00:50
56,Balaiah Garden,bus,success,18.2,2026-04-16T16:01:02
57,Kaiveli,bus,success,10.0,2026-04-16T16:02:52
58,Yellow Pages,bus,success,45.4,2026-04-16T16:04:03
59,Gandhinagar,bus,success,54.8,2026-04-16T16:04:10
60,Ajanta,bus,success,44.7,2026-04-16T16:07:49
61,bus_13.0565_80.2549,bus,success,23.9,2026-04-16T16:07:57
62,Guru Nanak College,bus,success,11.3,2026-04-16T16:08:51
63,Vetrivel Theatre,bus,success,24.2,2026-04-16T16:08:59
64,Vannanthurai,bus,success,58.4,2026-04-16T16:10:47
65,Royapettah High Road Police Station,bus,success,24.0,2026-04-16T16:11:57
66,Secretariat,bus,success,14.0,2026-04-16T16:14:05
67,bus_13.0520_80.2577,bus,success,22.6,2026-04-16T16:14:14
68,Shanti Theatre,bus,success,5.4,2026-04-16T16:14:56
69,Thousand Lights,bus,success,20.2,2026-04-16T16:16:13
70,Jayanti,bus,success,35.1,2026-04-16T16:16:23
71,Jayanti,bus,success,35.4,2026-04-16T16:17:00
72,Marudeeswarar Temple,bus,success,39.0,2026-04-16T16:17:15
73,Thiruvanmiyur ECR Moffusil Bus stop,bus,success,38.9,2026-04-16T16:21:02
74,bus_13.0678_80.2550,bus,success,49.7,2026-04-16T16:22:10
75,Madhya Kailash,bus,success,41.4,2026-04-16T16:22:19
76,IIT/CLRI,bus,success,49.0,2026-04-16T16:22:48
77,bus_12.9866_80.2385,bus,success,5.7,2026-04-16T16:24:03
78,bus_12.9885_80.2298,bus,success,24.5,2026-04-16T16:25:10
79,Taramani Guest House,bus,success,17.9,2026-04-16T16:25:21
80,bus_12.9866_80.2354,bus,success,8.1,2026-04-16T16:26:13
81,bus_13.0440_80.2684,bus,success,44.1,2026-04-16T16:26:24
82,New Woodlands Hotel,bus,success,48.8,2026-04-16T16:27:42
83,Spencers,bus,success,58.9,2026-04-16T16:37:13
84,Banyan Tree,bus,success,59.7,2026-04-16T16:37:21
85,Malar Hospital,bus,success,57.3,2026-04-16T16:39:25
86,ஆழ்வார் பேட்டை,bus,success,73.7,2026-04-16T16:39:32
87,Sterling Road,bus,success,57.0,2026-04-16T16:40:59
88,bus_12.9952_80.1874,bus,success,14.5,2026-04-16T16:41:08
89,Chola Sheraton,bus,success,50.0,2026-04-16T16:41:54
90,Egmore Station,bus,success,20.1,2026-04-16T16:42:03
91,Ice House stop,bus,success,21.2,2026-04-16T16:50:04
92,LIC,bus,success,7.8,2026-04-16T16:53:21
93,Kannagi Statue,bus,success,20.1,2026-04-16T16:58:33
94,Kannagi Statue,bus,success,21.0,2026-04-16T16:59:47
95,bus_13.0595_80.2477,bus,success,53.5,2026-04-16T16:59:55
96,Taj Hotel,bus,success,50.4,2026-04-16T17:02:46
97,MRC Nagar,bus,success,70.3,2026-04-16T17:02:54
98,DMS,bus,success,41.7,2026-04-16T17:03:39
99,Nandambakkam,bus,success,26.1,2026-04-16T17:03:45
100,Saidapet Court,bus,success,55.2,2026-04-16T17:05:21
101,DPI,bus,success,46.4,2026-04-16T17:07:31
102,காட்டுப்பாக்கம்,bus,success,7.1,2026-04-16T17:07:39
103,bus_13.0407_80.1280,bus,success,7.2,2026-04-16T17:11:29
104,அய்யப்பன்தாங்கல்,bus,success,4.7,2026-04-16T17:13:40
105,bus_13.0369_80.1423,bus,success,16.7,2026-04-16T17:13:48
106,போரூர்,bus,success,3.6,2026-04-16T17:14:45
107,bus_13.0366_80.1426,bus,success,19.0,2026-04-16T17:15:56
108,Porur Flyover,bus,success,2.3,2026-04-16T17:20:10
109,bus_13.0323_80.1637,bus,success,7.6,2026-04-16T17:21:19
110,bus_13.0321_80.1636,bus,success,7.5,2026-04-16T17:21:32
111,Mugalivakkam,bus,success,6.4,2026-04-16T17:23:14
112,Moon lite,bus,success,10.1,2026-04-16T17:23:20
113,Moon lite,bus,success,10.4,2026-04-16T17:24:09
114,Thalankuppam,bus,success,6.0,2026-04-16T17:24:24
115,bus_12.9057_80.1678,bus,success,16.9,2026-04-16T17:24:49
116,Jayanagar Bus Stop,bus,success,31.5,2026-04-16T17:31:06
117,bus_12.9075_80.1987,bus,success,10.9,2026-04-16T17:31:14
118,bus_13.1588_80.2984,bus,success,2.0,2026-04-16T17:33:01
119,bus_13.1593_80.3022,bus,success,2.2,2026-04-16T17:34:16
120,Woodlands,bus,success,29.3,2026-04-16T17:34:25
121,Woodlands,bus,success,28.8,2026-04-16T17:36:07
122,Purasawalkam,bus,success,21.3,2026-04-16T17:36:11
123,Poonamallee,bus,success,5.8,2026-04-16T17:36:19
124,bus_13.0304_80.2383,bus,success,48.4,2026-04-16T17:37:00
125,bus_13.0296_80.2438,bus,success,55.6,2026-04-16T17:37:09
126,SIET,bus,success,45.3,2026-04-16T17:38:01
127,KK Nagar West MTC Terminus,bus,success,27.3,2026-04-16T17:38:11
128,Kathipara,bus,success,20.2,2026-04-16T17:39:03
129,Butt Road,bus,success,28.8,2026-04-16T17:39:15
130,bus_13.0853_80.2855,bus,success,7.7,2026-04-16T17:42:09
131,Law College,bus,success,7.4,2026-04-16T17:45:24
132,உயர் நீதிமன்றம்,bus,success,12.0,2026-04-16T17:48:37
133,bus_13.0470_80.2119,bus,success,33.1,2026-04-16T17:49:47
134,bus_13.0490_80.2071,bus,success,22.5,2026-04-16T17:49:56
135,NGO Colony,bus,success,7.0,2026-04-16T17:50:53
136,Chinmaya Nagar,bus,success,17.3,2026-04-16T17:51:01
137,bus_13.0631_80.1972,bus,success,16.6,2026-04-16T17:51:38
138,Koyambedu Market,bus,success,7.0,2026-04-16T17:51:55
139,CMBT,bus,success,28.5,2026-04-16T17:53:36
140,bus_13.0695_80.1243,bus,success,4.4,2026-04-16T17:54:45
141,Puzhithivakkam,bus,success,13.3,2026-04-16T17:54:54
142,bus_13.0575_80.2042,bus,success,20.3,2026-04-16T17:56:38
143,Stella Maris,bus,success,41.2,2026-04-16T17:57:46
144,Luz Corner,bus,success,37.8,2026-04-16T17:57:54
145,bus_13.0374_80.2646,bus,success,50.7,2026-04-16T18:00:36
146,bus_13.0471_80.2329,bus,success,49.6,2026-04-16T18:01:50
147,bus_13.0477_80.2330,bus,success,47.4,2026-04-16T18:06:10
148,Mandaveli,bus,success,55.4,2026-04-16T18:06:23
149,bus_13.0251_80.2652,bus,success,56.1,2026-04-16T18:07:13
150,Mylapore Tank,bus,success,36.1,2026-04-16T18:10:32
151,Mylapore Tank,bus,success,34.1,2026-04-16T18:10:42
152,Luz Corner,bus,success,40.3,2026-04-16T18:11:26
153,Virugambakkam,bus,success,13.5,2026-04-16T18:11:44
154,Vivekananda College,bus,success,56.2,2026-04-16T18:15:32
155,bus_13.0352_80.2704,bus,success,23.2,2026-04-16T18:15:45
156,Royapettah Hospital,bus,success,17.4,2026-04-16T18:18:30
157,Royapettah Hospital,bus,success,15.2,2026-04-16T18:18:37
158,bus_13.0643_80.2822,bus,success,25.3,2026-04-16T18:19:14
159,bus_13.0657_80.2837,bus,success,35.0,2026-04-16T18:19:23
160,bus_13.0645_80.2820,bus,success,26.2,2026-04-16T18:19:59
161,bus_13.0645_80.2837,bus,success,31.4,2026-04-16T18:20:10
162,bus_13.0700_80.2420,bus,success,46.6,2026-04-16T18:21:53
163,Chetpet,bus,success,45.0,2026-04-16T18:22:00
164,Luz Corner,bus,success,34.3,2026-04-16T18:22:19
165,bus_13.0378_80.2676,bus,success,35.2,2026-04-16T18:22:26
166,bus_13.0008_80.2673,bus,success,52.7,2026-04-16T18:22:45
167,Besant Nagar,bus,success,58.1,2026-04-16T18:22:51
168,Mandaveli Post Office,bus,success,50.1,2026-04-16T18:23:05
169,Devanathan Street,bus,success,53.7,2026-04-16T18:23:30
170,Mandaveli,bus,success,54.9,2026-04-16T18:27:54
171,bus_13.0249_80.2651,bus,success,56.6,2026-04-16T18:29:04
172,Narada Gana Sabha,bus,success,67.5,2026-04-16T18:31:16
173,Narada Gana Sabha,bus,success,64.4,2026-04-16T18:32:31
174,ஆழ்வார் பேட்டை,bus,success,66.7,2026-04-16T18:32:40
175,Tambaram Railway Station,bus,success,10.0,2026-04-16T18:36:26
176,Ram Nagar,bus,success,7.3,2026-04-16T18:37:44
177,Pennalur EB,bus,success,28.2,2026-04-16T18:37:52
178,Pennalur EB,bus,success,29.4,2026-04-16T18:38:19
179,bus_13.0545_80.2040,bus,success,22.9,2026-04-16T18:39:43
180,bus_13.0544_80.2042,bus,success,22.9,2026-04-16T18:40:55
181,bus_13.0546_80.2013,bus,success,29.2,2026-04-16T18:42:08
182,Nehru nagar,bus,success,13.6,2026-04-16T18:42:19
183,Aalaiamman Koil,bus,success,45.9,2026-04-16T18:43:10
184,Madya Kailash,bus,success,39.1,2026-04-16T18:43:17
185,Natesa Nagar,bus,success,20.6,2026-04-16T18:43:25
186,Natesa Nagar,bus,success,21.3,2026-04-16T18:44:08
187,Sai Nagar,bus,success,22.8,2026-04-16T18:47:30
188,Vadapalani Koil bus stop,bus,success,24.5,2026-04-16T18:47:38
189,Elango Nagar,bus,success,13.9,2026-04-16T18:48:18
190,Avichi bus stop,bus,success,27.5,2026-04-16T18:48:26
191,Kesavardhini bus stop,bus,success,24.8,2026-04-16T18:49:09
192,bus_13.0516_80.2774,bus,success,18.7,2026-04-16T18:49:25
193,Kamarajapuram,bus,success,14.2,2026-04-16T18:52:13
194,Sayani,bus,success,31.9,2026-04-16T18:52:21
195,bus_13.1089_80.2423,bus,success,21.3,2026-04-16T18:52:38
196,Larsen & Toubro,bus,success,8.5,2026-04-16T18:53:01
197,Medavakkam Junction,bus,success,15.5,2026-04-16T18:53:08
198,Thirumalai Pillai Road,bus,success,56.7,2026-04-16T18:54:31
199,Otteri,bus,success,26.9,2026-04-16T18:54:41
200,Vandalur zoo,bus,success,28.3,2026-04-16T18:56:04
201,Alwarthirunagar,bus,success,32.5,2026-04-16T18:56:13
202,Ampa Skywalk,bus,success,30.1,2026-04-16T18:56:38
203,bus_13.0532_80.2479,bus,success,39.2,2026-04-16T18:56:47
204,டோல் கேட்,bus,success,0.0,2026-04-16T18:57:26
205,Sunnambu Kolathur Puliyamara Stop,bus,success,12.6,2026-04-16T18:57:49
206,Ripon Building,bus,success,9.0,2026-04-16T18:58:05
207,Chintadripet,bus,success,16.6,2026-04-16T18:58:47
208,Mathur Gate,bus,success,11.4,2026-04-16T19:01:10
209,Narayanapuram,bus,success,12.7,2026-04-16T19:01:18
210,Virugambakkam,bus,success,13.3,2026-04-16T19:02:45
211,DPI,bus,success,48.5,2026-04-16T19:02:51
212,Ethiraj College,bus,success,39.6,2026-04-16T19:04:39
213,Ethiraj College,bus,success,38.7,2026-04-16T19:04:45
214,Vadapalani Junction,bus,success,24.7,2026-04-16T19:05:44
215,Guindy,bus,success,20.4,2026-04-16T19:06:53
216,Rampuram MIOT Hospital,bus,success,6.6,2026-04-16T19:07:00
217,MIOT Hospital,bus,success,7.6,2026-04-16T19:08:50
218,SRM College Bus Stop,bus,success,8.3,2026-04-16T19:08:58
219,Arasamaram Bus Stop,bus,success,8.3,2026-04-16T19:09:49
220,Rayala Nagar Bus Stop,bus,success,8.8,2026-04-16T19:10:59
221,St. Johns School Bus stop,bus,success,9.2,2026-04-16T19:12:08
222,Ayyapan Koil,bus,success,35.6,2026-04-16T19:14:24
223,Amman Koil,bus,success,41.1,2026-04-16T19:14:32
224,PSBB,bus,success,36.8,2026-04-16T19:16:21
225,PSBB School,bus,success,42.2,2026-04-16T19:16:30
226,Pondicherry Guest house,bus,success,28.6,2026-04-16T19:17:12
227,Nesapakkam,bus,success,15.9,2026-04-16T19:18:41
228,Ajantha,bus,success,27.2,2026-04-16T19:18:50
229,MGR Nagar,bus,success,42.4,2026-04-16T19:20:29
230,Pilliayar Koil,bus,success,50.3,2026-04-16T19:20:43
231,Sivan Park,bus,success,52.2,2026-04-16T19:21:22
232,Ashok Pillar (Towards K.K Nagar & Porur),bus,success,36.0,2026-04-16T19:23:39
233,Ashok Pillar,bus,success,40.1,2026-04-16T19:23:52
234,Ashok Pillar,bus,success,54.6,2026-04-16T19:25:42
235,ESIC,bus,success,47.9,2026-04-16T19:25:54
236,Madanandhapuram,bus,success,8.8,2026-04-16T19:26:36
237,Moulivakkam (Bai kadai),bus,success,9.5,2026-04-16T19:26:56
238,R.A. Puram,bus,success,77.0,2026-04-16T19:32:49
239,Chataram Bus Stop,bus,success,7.9,2026-04-16T19:32:57
240,bus_13.1210_80.1999,bus,success,11.2,2026-04-16T19:33:40
241,Women's polytechnic,bus,success,62.6,2026-04-16T19:35:54
242,Women's polytechnic,bus,success,63.4,2026-04-16T19:38:07
243,Tidel park,bus,success,36.5,2026-04-16T19:38:21
244,Tidel Park,bus,success,41.2,2026-04-16T19:39:31
245,VHS Hospital,bus,success,38.7,2026-04-16T19:39:39
246,Ramarathna,bus,success,3.5,2026-04-16T19:41:05
247,Avadi Market,bus,success,11.1,2026-04-16T19:41:20
248,Woodlands Theatre,bus,success,8.9,2026-04-16T19:41:53
249,Woodlands Theatre / Wesley school,bus,success,8.0,2026-04-16T19:44:17
250,L.I.C,bus,success,9.5,2026-04-16T19:44:32
251,Music Academy,bus,success,42.7,2026-04-16T19:46:07
252,Gowdia Mutt Road,bus,success,30.9,2026-04-16T19:46:19
253,Royapettah High Road Police Station,bus,success,24.3,2026-04-16T19:46:59
254,Oil Mill,bus,success,16.7,2026-04-16T19:47:16
255,Narayanasamy Thottam,bus,success,52.6,2026-04-16T19:49:05
256,Arsasi Mandi,bus,success,19.2,2026-04-16T19:49:19
257,Kandanchavadi,bus,success,7.8,2026-04-16T19:49:44
258,Kandanchavadi,bus,success,5.0,2026-04-16T19:50:00
259,Kottivakkam,bus,success,26.3,2026-04-16T19:51:42
260,Kottivakkam,bus,success,26.4,2026-04-16T19:53:02
261,SRP Tools,bus,success,23.2,2026-04-16T19:54:15
262,SRP Tools,bus,success,27.1,2026-04-16T19:55:34
263,Thabal Petti,bus,success,20.0,2026-04-16T20:05:04
264,Oil Mill,bus,success,15.6,2026-04-16T20:09:27
265,National Institute of Fashion Technology (N.I.F.T),bus,success,32.9,2026-04-16T20:10:46
266,Spastic Society,bus,success,30.5,2026-04-16T20:11:03
267,Tech Park,bus,success,9.2,2026-04-16T20:12:39
268,Spastic Society,bus,success,32.0,2026-04-16T20:12:50
269,Tech Park,bus,success,9.5,2026-04-16T20:17:34
270,bus_13.0467_80.2330,bus,success,49.7,2026-04-16T20:19:44
271,C.I.T. Colony,bus,success,55.4,2026-04-16T20:19:52
272,C.I.T. Colony,bus,success,57.1,2026-04-16T20:26:48
273,Santhoshpuram,bus,success,13.2,2026-04-16T20:26:56
274,Santhoshpuram,bus,success,13.3,2026-04-16T20:27:47
275,Trisulam Airport,bus,success,36.9,2026-04-16T20:27:58
276,Trisulam Airport,bus,success,16.4,2026-04-16T20:28:44
277,கோவிலாம்பாக்கம்,bus,success,4.8,2026-04-16T20:35:10
278,Velachery Railway Station,bus,success,17.6,2026-04-16T20:36:25
279,bus_13.0505_80.2143,bus,success,20.9,2026-04-16T20:36:39
280,Sunnambu Kolathur,bus,success,16.1,2026-04-16T20:37:28
281,S.Kolathur Vinayagapuram Stop,bus,success,14.0,2026-04-16T20:37:41
282,bus_12.9487_80.1945,bus,success,15.9,2026-04-16T20:38:37
283,Sunnambu Kolathur Puliyamara Stop,bus,success,12.7,2026-04-16T20:39:47
284,Sunnambu Kolathur Puliyamara Stop,bus,success,12.5,2026-04-16T20:39:56
285,Narayana puram,bus,success,12.2,2026-04-16T20:41:49
286,Narayana puram,bus,success,11.7,2026-04-16T20:41:57
287,Roja Medicals,bus,success,22.1,2026-04-16T20:43:30
288,Kaiveli,bus,success,10.5,2026-04-16T20:43:43
289,Kaiveli,bus,success,10.8,2026-04-16T20:44:31
290,Postal Colony,bus,success,47.4,2026-04-16T20:44:47
291,Postal Colony,bus,success,47.3,2026-04-16T20:45:00
292,Ram Colony,bus,success,55.1,2026-04-16T20:45:09
293,Pudhur High School Bus Stop,bus,success,54.3,2026-04-16T20:45:26
294,Pudhur High School Bus Stop,bus,success,54.4,2026-04-16T20:45:39
295,Ram Colony,bus,success,55.3,2026-04-16T20:45:53
296,Eachankadu junction,bus,success,4.7,2026-04-16T20:47:41
297,Eachangadu Junction,bus,success,4.6,2026-04-16T20:47:51
298,Lakshmi Nagar,bus,success,5.9,2026-04-16T20:48:37
299,Pallikaranai,bus,success,11.3,2026-04-16T20:49:58
300,bus_13.0148_80.1745,bus,success,15.6,2026-04-16T20:50:05
301,Pazhavanthangal,bus,success,15.3,2026-04-16T20:50:59
302,bus_12.9828_80.1885,bus,success,20.6,2026-04-16T20:53:11
303,Nanganallur Market,bus,success,18.6,2026-04-16T20:53:19
304,Five Furlong Road,bus,success,19.6,2026-04-16T20:53:51
305,Velachery Check Post,bus,success,19.4,2026-04-16T20:56:13
306,Velachery Check Post,bus,success,19.9,2026-04-16T20:56:19
307,West Saidapet,bus,success,16.6,2026-04-16T20:57:52
308,Guindy,bus,success,28.2,2026-04-16T20:57:59
309,bus_13.0208_80.2253,bus,success,17.4,2026-04-16T20:58:36
310,Chintadripet,bus,success,16.5,2026-04-16T20:58:43
311,bus_12.9902_80.2275,bus,success,30.0,2026-04-16T20:59:02
312,bus_13.0488_80.2072,bus,success,23.5,2026-04-16T20:59:14
313,KumaranKundram,bus,success,16.0,2026-04-16T20:59:38
314,K4 Police Station,bus,success,65.4,2026-04-16T21:01:06
315,L.I.C,bus,success,9.5,2026-04-16T21:01:20
316,L.I.C,bus,success,9.5,2026-04-16T21:03:06
317,L.I.C,bus,success,9.3,2026-04-16T21:03:21
318,TVS,bus,success,20.4,2026-04-16T21:03:27
319,TVS,bus,success,19.8,2026-04-16T21:03:46
320,TVS,bus,success,22.7,2026-04-16T21:03:57
321,TVS,bus,success,15.6,2026-04-16T21:04:36
322,TVS,bus,success,22.1,2026-04-16T21:04:49
323,TVS,bus,success,22.3,2026-04-16T21:04:56
324,General Hospital,bus,success,13.6,2026-04-16T21:05:24
325,General Hospital,bus,success,13.4,2026-04-16T21:05:35
326,General Hospital,bus,success,13.5,2026-04-16T21:05:55
327,General Hospital (Central),bus,success,14.3,2026-04-16T21:06:10
328,LIC,bus,success,16.8,2026-04-16T21:07:31
329,LIC,bus,success,16.1,2026-04-16T21:07:38
330,L.I.C,bus,success,6.5,2026-04-16T21:07:59
331,LIC,bus,success,11.7,2026-04-16T21:08:07
332,Secretariat,bus,success,13.3,2026-04-16T21:08:17
333,Pallavan Salai,bus,success,22.3,2026-04-16T21:08:34
334,Pallavan Salai,bus,success,19.1,2026-04-16T21:09:02
335,உயர் நீதிமன்றம்,bus,success,8.7,2026-04-16T21:09:09
336,Commissioner Office,bus,success,23.1,2026-04-16T21:10:05
337,bus_13.0689_80.2673,bus,success,11.8,2026-04-16T21:10:15
338,Egmore Court,bus,success,19.1,2026-04-16T21:10:49
339,bus_13.0504_80.2404,bus,success,50.4,2026-04-16T21:10:59
340,bus_13.0570_80.2349,bus,success,45.3,2026-04-16T21:11:27
341,Valluvar Statue,bus,success,34.6,2026-04-16T21:11:36
342,bus_13.0420_80.2681,bus,success,35.1,2026-04-16T21:11:51
343,bus_13.0652_80.2738,bus,success,2.8,2026-04-16T21:11:59
344,கஸ்தூரிபாய் மருத்துவமனை,bus,success,12.8,2026-04-16T21:12:14
345,bus_13.0602_80.2777,bus,success,11.6,2026-04-16T21:12:22
346,bus_13.0300_80.2506,bus,success,70.6,2026-04-16T21:12:36
347,Chennai Central Railway Station,bus,success,11.4,2026-04-16T21:13:02
348,Loane Square,bus,success,4.3,2026-04-16T21:13:15
349,bus_13.0920_80.2752,bus,success,4.3,2026-04-16T21:13:24
350,Beach Station,bus,success,10.8,2026-04-16T21:13:36
351,Mannadi,bus,success,5.4,2026-04-16T21:14:04
352,Clive Battery,bus,success,11.6,2026-04-16T21:14:29
353,bus_13.0997_80.2867,bus,success,12.5,2026-04-16T21:17:03
354,bus_13.1011_80.2749,bus,success,13.6,2026-04-16T21:17:10
355,bus_13.1035_80.2868,bus,success,24.3,2026-04-16T21:17:26
356,bus_13.0721_80.2740,bus,success,15.7,2026-04-16T21:18:47
357,பேசின் பிரிட்ஜ்,bus,success,25.3,2026-04-16T21:18:54
358,bus_12.9649_80.1970,bus,success,15.4,2026-04-16T21:19:05
359,Rajakadai,bus,success,3.0,2026-04-16T21:19:13
360,Adyar Depot,bus,success,63.6,2026-04-16T21:19:27
361,Sathya Studio,bus,success,47.3,2026-04-16T21:19:34
362,Sathya Studio,bus,success,48.1,2026-04-16T21:20:11
363,Sathya Studio,bus,success,48.9,2026-04-16T21:20:17
364,Sathya Studio,bus,success,49.6,2026-04-16T21:21:05
365,Adyar Depot,bus,success,64.0,2026-04-16T21:22:21
366,BSNL Office,bus,success,64.6,2026-04-16T21:22:32
367,CSI Church Bus Stop,bus,success,19.3,2026-04-16T21:23:01
368,Korattur 41D Bus Stand,bus,success,20.6,2026-04-16T21:23:10
369,Korattur Aerikarai Bus Stop,bus,success,14.9,2026-04-16T21:24:52
370,Camp Road,bus,success,14.1,2026-04-16T21:25:03
371,Camp Road,bus,success,15.3,2026-04-16T21:25:12
372,சேலையூர்,bus,success,10.8,2026-04-16T21:25:26
373,சேலையூர்,bus,success,11.5,2026-04-16T21:25:34
374,Convent Bus Stop,bus,success,11.9,2026-04-16T21:26:16
375,Selayur,bus,success,13.5,2026-04-16T21:26:24
376,Christ King Covent,bus,success,14.2,2026-04-16T21:26:39
377,East Tambaram,bus,success,18.6,2026-04-16T21:26:46
378,East Tambaram,bus,success,18.3,2026-04-16T21:27:30
379,Perungalathur railway station,bus,success,10.4,2026-04-16T21:27:41
380,Adayar Signal,bus,success,56.6,2026-04-16T21:28:10
381,Andhra Mahila Sabha,bus,success,42.6,2026-04-16T21:28:25
382,Rani Meyammai School,bus,success,52.9,2026-04-16T21:28:53
383,Mandaveli,bus,success,55.1,2026-04-16T21:29:03
384,Luz Corner,bus,success,40.6,2026-04-16T21:31:31
385,Kapaleeshwar Temple,bus,success,33.9,2026-04-16T21:31:38
386,St Mary’s Road,bus,success,49.5,2026-04-16T21:32:16
387,AVM Rajeshwari,bus,success,50.7,2026-04-16T21:32:25
388,Valluvar Statue,bus,success,34.7,2026-04-16T21:32:58
389,Woodlands,bus,success,47.5,2026-04-16T21:34:06
390,Stella Maris College,bus,success,42.2,2026-04-16T21:34:14
391,Chola Hotel,bus,success,50.5,2026-04-16T21:36:40
392,Semozhi Poonga,bus,success,32.0,2026-04-16T21:37:51
393,Gemini,bus,success,45.1,2026-04-16T21:37:59
394,Chetpet,bus,success,46.2,2026-04-16T21:38:35
395,Sterling Road,bus,success,58.8,2026-04-16T21:38:44
396,Brick Kiln,bus,success,9.7,2026-04-16T21:38:51
397,KMC,bus,success,52.4,2026-04-16T21:38:59
398,Millers Road,bus,success,23.8,2026-04-16T21:39:13
399,Mekala Theatre,bus,success,16.8,2026-04-16T21:39:20
400,Saravana Theatre,bus,success,7.4,2026-04-16T21:39:52
401,Otteri,bus,success,8.6,2026-04-16T21:40:14
402,Mettupalayam,bus,success,29.1,2026-04-16T21:41:28
403,Jamalia,bus,success,25.3,2026-04-16T21:41:38
404,Mangalapuram,bus,success,24.7,2026-04-16T21:42:05
405,Perambur Railway Station,bus,success,22.8,2026-04-16T21:42:20
406,Perambur Railway Station Bus Stand,bus,success,23.1,2026-04-16T21:42:53
407,Mangalapuram,bus,success,22.9,2026-04-16T21:43:02
408,Jamalia,bus,success,24.4,2026-04-16T21:44:30
409,Mettupalayam,bus,success,29.0,2026-04-16T21:44:37
410,Binny Mills,bus,success,12.5,2026-04-16T21:46:19
411,Otteri,bus,success,8.4,2026-04-16T21:46:27
412,Chetpet,bus,success,42.8,2026-04-16T21:47:18
413,Saravana Theatre,bus,success,7.3,2026-04-16T21:48:32
414,R.K. Road,bus,success,10.6,2026-04-16T21:48:39
415,Mekala Theatre,bus,success,17.0,2026-04-16T21:50:24
416,Millers Road,bus,success,18.8,2026-04-16T21:50:32
417,KMC,bus,success,27.6,2026-04-16T21:52:28
418,College Road,bus,success,50.2,2026-04-16T21:52:37
419,Haddows Road,bus,success,60.5,2026-04-16T21:53:22
420,Income Tax Offrice,bus,success,44.1,2026-04-16T21:53:40
421,Valluvar Statue,bus,success,33.7,2026-04-16T21:55:23
422,VM Street,bus,success,40.1,2026-04-16T21:55:31
423,Sterling,bus,success,52.6,2026-04-16T21:57:29
424,Semozhi Poonga,bus,success,32.6,2026-04-16T21:57:41
425,Gemini,bus,success,43.9,2026-04-16T21:58:13
426,Stella Maris College,bus,success,39.9,2026-04-16T21:59:40
427,Chola Hotel,bus,success,50.0,2026-04-16T21:59:48
428,Kapaleeshwar Temple,bus,success,32.4,2026-04-16T22:01:42
429,Woodlands,bus,success,50.6,2026-04-16T22:01:51
430,Luz Corner,bus,success,33.9,2026-04-16T22:02:29
431,Mandaveli Market,bus,success,48.2,2026-04-16T22:02:39
432,Rani Meiyammai School,bus,success,55.4,2026-04-16T22:03:31
433,Andhra Mahila Sabha,bus,success,47.3,2026-04-16T22:03:38
434,Adyar Signal,bus,success,57.0,2026-04-16T22:04:13
435,Adyar Depot,bus,success,63.0,2026-04-16T22:04:19
436,Jayanthi Theatre,bus,success,34.9,2026-04-16T22:04:35
437,Thiruvanmiyur,bus,success,37.4,2026-04-16T22:04:42
438,Thiruvanmiyur RTO,bus,success,38.6,2026-04-16T22:04:49
439,Marundeeswarar Temple,bus,success,41.0,2026-04-16T22:05:15
440,Kottivakkam,bus,success,27.7,2026-04-16T22:07:44
441,Kotivakkam,bus,success,26.7,2026-04-16T22:07:52
442,Chinna Neelankarai,bus,success,48.7,2026-04-16T22:08:18
443,Vettuvankeni,bus,success,49.0,2026-04-16T22:09:27
444,Injambakkam,bus,success,27.6,2026-04-16T22:09:33
445,Saibaba,bus,success,14.7,2026-04-16T22:10:54
446,Vettuvankeni,bus,success,43.7,2026-04-16T22:11:04
447,Injambakkam,bus,success,28.2,2026-04-16T22:11:58
448,Water Tank,bus,success,50.0,2026-04-16T22:14:06
449,VGP,bus,success,29.7,2026-04-16T22:14:13
450,bus_12.8976_80.2475,bus,success,35.6,2026-04-16T22:14:40
451,Nainar Depot,bus,success,51.1,2026-04-16T22:14:47
452,Uthandi,bus,success,35.8,2026-04-16T22:15:25
453,Ragas,bus,success,39.0,2026-04-16T22:16:43
454,Kanathur,bus,success,11.2,2026-04-16T22:16:49
455,Ragas,bus,success,39.0,2026-04-16T22:17:29
456,Nainar Depot,bus,success,50.7,2026-04-16T22:17:34
457,Uthandi,bus,success,33.7,2026-04-16T22:18:02
458,VGP,bus,success,28.6,2026-04-16T22:18:13
459,Water Tank,bus,success,45.8,2026-04-16T22:18:43
460,Saibaba,bus,success,13.6,2026-04-16T22:19:11
461,Chinna Neelankarai,bus,success,45.7,2026-04-16T22:19:32
462,Gandhinagar,bus,success,56.0,2026-04-16T22:19:44
463,Pallavakkam,bus,success,24.2,2026-04-16T22:20:23
464,Madhya Kailash,bus,success,41.1,2026-04-16T22:20:32
465,Gandhi Mandapam,bus,success,72.1,2026-04-16T22:20:48
466,சைதாப்பேட்டை காவல் நிலையம்,bus,success,15.8,2026-04-16T22:21:18
467,Halcyon Technologies,bus,success,31.1,2026-04-16T22:21:31
468,சைதாப்பேட்டை,bus,success,19.8,2026-04-16T22:22:05
469,Little Mount,bus,success,45.4,2026-04-16T22:24:38
470,Anna University,bus,success,81.1,2026-04-16T22:24:42
471,Guindy,bus,success,18.2,2026-04-16T22:25:01
472,Kathipara,bus,success,21.0,2026-04-16T22:25:12
473,Butt Road,bus,success,29.8,2026-04-16T22:25:23
474,L&T Bus Stop,bus,success,8.7,2026-04-16T22:26:46
475,Mugalivakkam,bus,success,6.4,2026-04-16T22:26:53
476,Sakthi Nagar,bus,success,7.3,2026-04-16T22:27:39
477,போரூர்,bus,success,2.9,2026-04-16T22:27:49
478,Ramachandra Hospital,bus,success,19.8,2026-04-16T22:27:54
479,காட்டுப்பாக்கம்,bus,success,8.3,2026-04-16T22:29:20
480,அய்யப்பன்தாங்கல்,bus,success,4.7,2026-04-16T22:29:28
481,Kumanan Savadi,bus,success,7.9,2026-04-16T22:30:04
482,Karayan Savadi,bus,success,8.8,2026-04-16T22:30:13
483,Kallarai,bus,success,11.3,2026-04-16T22:30:27
484,G. H.,bus,success,3.3,2026-04-16T22:32:45
485,Poonamallee,bus,success,4.4,2026-04-16T22:32:52
486,Nazarpet,bus,success,15.6,2026-04-16T22:33:23
487,Main Road,bus,success,20.6,2026-04-16T22:34:47
488,Bhajan Koil,bus,success,29.3,2026-04-16T22:36:57
489,Pillayar Koil,bus,success,16.4,2026-04-16T22:38:03
490,Main Road,bus,success,18.7,2026-04-16T22:38:09
491,Ambedkar Nagar,bus,success,20.8,2026-04-16T22:38:39
492,Nazarpet,bus,success,15.5,2026-04-16T22:38:55
493,Poonamallee,bus,success,5.8,2026-04-16T22:39:04
494,G. H.,bus,success,3.1,2026-04-16T22:39:16
495,Kallarai,bus,success,11.1,2026-04-16T22:39:29
496,Karayan Savadi,bus,success,9.0,2026-04-16T22:39:56
497,Kumanan Savadi,bus,success,8.8,2026-04-16T22:40:14
498,சக்தி நகர்,bus,success,3.7,2026-04-16T22:41:41
499,Ramachandra Hospital,bus,success,14.2,2026-04-16T22:42:49
500,Sakthi Nagar,bus,success,8.2,2026-04-16T22:42:58
501,Mugalivakkam,bus,success,6.0,2026-04-16T22:45:49
502,Moon lite,bus,success,9.8,2026-04-16T22:46:58
503,Ramapuram,bus,success,6.6,2026-04-16T22:48:07
504,L&T,bus,success,8.6,2026-04-16T22:48:16
505,Nandambakkam,bus,success,25.8,2026-04-16T22:48:50
506,Butt Road,bus,success,26.5,2026-04-16T22:49:15
507,சின்ன மலை Little Mount Metro,bus,success,36.8,2026-04-16T22:49:22
508,Baby Nagar,bus,success,27.9,2026-04-16T22:49:30
509,Avvaai Illam,bus,success,51.3,2026-04-16T22:49:35
510,Independence Day Park,bus,success,23.6,2026-04-16T22:49:49
511,Thambiah Road,bus,success,40.9,2026-04-16T22:49:56
512,bus_13.0423_80.2246,bus,success,42.7,2026-04-16T22:50:27
513,Holy Angels Convent,bus,success,56.0,2026-04-16T22:50:34
514,Krishna Nagar,bus,success,5.1,2026-04-16T22:51:24
515,Krishna Nagar,bus,success,5.6,2026-04-16T22:51:37
516,bus_13.0404_80.2392,bus,success,61.2,2026-04-16T22:51:54
517,bus_13.0408_80.2376,bus,success,58.0,2026-04-16T22:52:10
518,Muthamizh Nagar,bus,success,5.3,2026-04-16T22:52:37
519,Muthamizh Nagar,bus,success,5.2,2026-04-16T22:52:45
520,Subbaraya nagar,bus,success,9.5,2026-04-16T22:53:11
521,Pallavaram,bus,success,5.0,2026-04-16T22:53:30
522,Virugambakkam,bus,success,13.6,2026-04-16T22:53:57
523,Oxford School,bus,success,22.9,2026-04-16T22:54:05
524,Srinivasa Theatre,bus,success,25.9,2026-04-16T22:54:26
525,Srinivasa Theatre,bus,success,24.7,2026-04-16T22:54:59
526,Oxford School,bus,success,22.3,2026-04-16T22:55:25
527,Urapakkam School,bus,success,24.6,2026-04-16T22:55:31
528,Tea Kadai,bus,success,19.7,2026-04-16T22:55:38
529,bus_13.0017_80.1960,bus,success,44.7,2026-04-16T22:56:02
530,bus_13.0017_80.1961,bus,success,44.8,2026-04-16T22:56:16
531,bus_13.0018_80.1962,bus,success,44.4,2026-04-16T22:56:36
532,Maduvankarai,bus,success,17.4,2026-04-16T22:57:00
533,Olympia Tech Park,bus,success,28.9,2026-04-16T22:57:13
534,West Saidapet,bus,success,15.6,2026-04-16T22:58:41
535,kumananchavadi,bus,success,8.5,2026-04-16T22:58:48
536,Bharathi Nagar,bus,success,17.7,2026-04-16T22:58:59
537,bus_12.9986_80.2392,bus,success,29.0,2026-04-16T22:59:04
538,bus_12.9991_80.2394,bus,success,28.1,2026-04-16T22:59:09
539,bus_12.9961_80.2359,bus,failed,,2026-04-16T22:59:25
540,bus_12.9921_80.2338,bus,success,100.0,2026-04-16T22:59:30
541,bus_12.9922_80.2337,bus,success,100.0,2026-04-16T22:59:47
542,bus_12.9961_80.2362,bus,failed,,2026-04-16T22:59:56
543,bus_13.0027_80.2402,bus,success,54.8,2026-04-16T23:01:04
544,bus_12.9940_80.2343,bus,failed,,2026-04-16T23:02:15
545,bus_13.0026_80.2401,bus,success,54.8,2026-04-16T23:02:20
546,bus_13.0038_80.2414,bus,success,48.0,2026-04-16T23:03:45
547,bus_12.9942_80.2347,bus,failed,,2026-04-16T23:03:49
548,bus_12.9912_80.2330,bus,success,69.2,2026-04-16T23:04:23
549,bus_12.9911_80.2321,bus,success,69.2,2026-04-16T23:04:28
550,சோழிங்கநல்லூர்,bus,success,9.3,2026-04-16T23:05:00
551,Accenture,bus,success,8.8,2026-04-16T23:05:09
552,Nagesh Theatre stop,bus,success,46.6,2026-04-16T23:05:26
553,Globus,bus,success,45.8,2026-04-16T23:05:36
554,மியாட் மருத்துவமனை,bus,success,9.4,2026-04-16T23:06:04
555,bus_13.0144_80.1935,bus,success,30.1,2026-04-16T23:06:14
556,bus_13.0211_80.1833,bus,success,7.6,2026-04-16T23:06:22
557,Doraiswamy Road,bus,success,32.3,2026-04-16T23:06:32
558,bus_13.0671_80.2479,bus,success,49.5,2026-04-16T23:07:05
559,Loyola College,bus,success,49.4,2026-04-16T23:07:13
560,bus_13.0679_80.2486,bus,success,29.2,2026-04-16T23:07:19
561,Loyola College,bus,success,47.6,2026-04-16T23:07:30
562,bus_13.1450_79.9512,bus,success,39.5,2026-04-16T23:07:45
563,Bharathi Nagar Bus Stop,bus,success,17.0,2026-04-16T23:08:14
564,Gandhi Nagar,bus,success,18.3,2026-04-16T23:08:21
565,கவுல் பஜார்,bus,success,17.1,2026-04-16T23:08:31
566,bus_13.0726_80.2020,bus,success,5.8,2026-04-16T23:08:39
567,Marriage Hall Bus Stop,bus,success,6.1,2026-04-16T23:08:46
568,bus_13.2399_80.2163,bus,success,34.6,2026-04-16T23:08:50
569,bus_13.2238_80.1943,bus,success,77.8,2026-04-16T23:08:58
570,bus_13.1941_80.1833,bus,success,0.3,2026-04-16T23:09:12
571,கஸ்தூரிபாய் மருத்துவமனை,bus,success,13.1,2026-04-16T23:09:20
572,Bazullah road,bus,success,49.1,2026-04-16T23:09:41
573,bus_13.0487_80.2600,bus,success,35.9,2026-04-16T23:09:49
574,bus_13.0326_80.2775,bus,success,25.5,2026-04-16T23:09:57
575,bus_13.0334_80.2773,bus,success,21.6,2026-04-16T23:10:07
576,bus_13.0315_80.1914,bus,success,7.5,2026-04-16T23:10:21
577,bus_13.1089_80.2868,bus,success,23.4,2026-04-16T23:10:29
578,bus_13.1045_80.2867,bus,success,26.3,2026-04-16T23:11:55
579,bus_13.1079_80.2914,bus,success,26.4,2026-04-16T23:12:04
580,Gandhi park bus stop,bus,success,17.3,2026-04-16T23:12:15
581,bus_13.0290_80.2544,bus,success,77.0,2026-04-16T23:12:24
582,Kamarajapuram,bus,success,15.4,2026-04-16T23:12:48
583,Sholinganallur,bus,success,16.1,2026-04-16T23:12:55
584,MGR Market,bus,success,41.8,2026-04-16T23:13:22
585,Thandurai Bus Stop,bus,success,44.7,2026-04-16T23:13:36
586,SRP Tools Bus Stand,bus,success,34.2,2026-04-16T23:13:53
587,Thirumangalam Metro,bus,success,58.4,2026-04-16T23:14:02
588,Ekkattuthangal,bus,success,19.0,2026-04-16T23:15:21
589,Kalaimagal Nagar,bus,success,20.3,2026-04-16T23:15:29
590,Kalaimagal Nagar,bus,success,18.7,2026-04-16T23:17:25
591,pattabiram bus stop,bus,success,13.4,2026-04-16T23:17:32
592,Patabiram Bridge Stop,bus,success,30.8,2026-04-16T23:17:56
593,Thirumangalam EB Office Bus Stop,bus,success,53.5,2026-04-16T23:18:04
594,bus_12.8856_80.1514,bus,success,39.2,2026-04-16T23:19:12
595,கஸ்பாபுரம்,bus,success,30.9,2026-04-16T23:20:22
596,பதுவஞ்சேரி,bus,success,32.3,2026-04-16T23:20:30
597,சடையப்பர் கோவில்,bus,success,36.5,2026-04-16T23:20:36
598,அகரம்தென்,bus,success,26.4,2026-04-16T23:20:47
599,bus_12.8941_80.1412,bus,success,26.9,2026-04-16T23:20:56
600,bus_12.9022_80.1420,bus,success,20.0,2026-04-16T23:21:17
601,bus_12.9178_80.1458,bus,success,17.6,2026-04-16T23:21:30
602,Tambaram Kulam Bus stop,bus,success,9.5,2026-04-16T23:21:40
603,Vadapalani,bus,success,33.9,2026-04-16T23:21:49
604,Vadapalani (Nerkundram Pathai),bus,success,10.1,2026-04-16T23:21:57
605,MMDA,bus,success,20.9,2026-04-16T23:22:07
606,CPWD Quarters Bus Stop,bus,success,38.8,2026-04-16T23:22:16
607,Buhari Hotel Bus Stop,bus,success,22.7,2026-04-16T23:22:23
608,Thiruvanmiyur RTO,bus,success,38.9,2026-04-16T23:22:33
609,Aringar Anna Arch,bus,success,22.5,2026-04-16T23:22:41
610,Anna Arch,bus,success,18.3,2026-04-16T23:23:03
611,Kandhasamy College,bus,success,60.3,2026-04-16T23:23:12
612,S. S. Super Market Bus Stop,bus,success,71.9,2026-04-16T23:23:18
613,Anna Peripheral Hospital Stop,bus,success,61.8,2026-04-16T23:23:30
614,Kalpana Hotel Stop,bus,success,13.4,2026-04-16T23:23:39
615,SIDCO Nagar,bus,success,19.3,2026-04-16T23:23:49
616,Nathamuni Theatre Stop,bus,success,15.1,2026-04-16T23:24:08
617,South Redhills Road Market,bus,success,11.6,2026-04-16T23:24:17
618,Kallukadai Stop,bus,success,15.7,2026-04-16T23:24:26
619,ICF,bus,success,40.0,2026-04-16T23:24:37
620,Anna Peripheral Hospital Stop,bus,success,61.3,2026-04-16T23:24:58
621,14 Shops Stop,bus,success,66.7,2026-04-16T23:25:09
622,Kandasamy College,bus,success,62.6,2026-04-16T23:25:21
623,Anna Nagar Roundtana,bus,success,57.4,2026-04-16T23:25:30
624,Ayyappan Kovil,bus,success,57.6,2026-04-16T23:25:56
625,Ayyappan Kovil,bus,success,63.3,2026-04-16T23:26:18
626,Blue Star,bus,success,63.3,2026-04-16T23:26:59
627,Anna Nagar Tower Station,bus,success,66.4,2026-04-16T23:27:11
628,Anna Nagar Tower Station,bus,success,66.9,2026-04-16T23:27:15
629,Ekkattuthangal,bus,success,19.2,2026-04-16T23:30:00
630,ஆயிரம் விளக்கு,bus,success,31.4,2026-04-16T23:31:13
631,Thirumangalam EB Office,bus,success,54.0,2026-04-16T23:33:24
632,Collector Nagar,bus,success,29.9,2026-04-16T23:34:38
633,Collector Nagar,bus,success,25.5,2026-04-16T23:36:03
634,Jai Nagar Park,bus,success,23.1,2026-04-16T23:37:13
635,Vijayakanth Kalyana Mandapam,bus,success,5.7,2026-04-16T23:37:22
636,CPWD Quarters Bus Stop,bus,success,38.8,2026-04-16T23:38:16
637,Pondicherry Buses Only,bus,success,37.6,2026-04-16T23:38:26
638,Sivan Kovil,bus,success,29.6,2026-04-16T23:39:18
639,Thirunagar,bus,success,9.1,2026-04-16T23:39:27
640,MMDA,bus,success,23.5,2026-04-16T23:39:35
641,Jayanti,bus,success,34.0,2026-04-16T23:39:46
642,Race Course (Guindy),bus,success,45.0,2026-04-16T23:39:53
643,DRJ Hospital Bus stop,bus,success,12.4,2026-04-16T23:40:01
644,Taramani Guest House,bus,success,17.2,2026-04-16T23:40:06
645,Marudeeswarar Temple,bus,success,38.6,2026-04-16T23:40:13
646,Sathya Studio,bus,success,36.8,2026-04-16T23:40:18
647,bus_13.0565_80.2549,bus,success,23.9,2026-04-16T23:40:26
648,Sambandam Nagar,bus,success,13.8,2026-04-16T23:40:34
649,Malar Hospital,bus,success,56.9,2026-04-16T23:40:45
650,Malar Hospital,bus,success,57.5,2026-04-16T23:41:04
651,bus_13.0700_80.2420,bus,success,46.6,2026-04-16T23:41:13
652,Binny Mills,bus,success,14.8,2026-04-16T23:41:37
653,Poonamallee,bus,success,5.8,2026-04-16T23:41:44
654,Thiruvanmiyur Moffusil bus stop,bus,success,38.0,2026-04-16T23:42:00
655,Ashoknagar Moffussil,bus,success,37.3,2026-04-16T23:42:10
656,bus_13.0505_80.2797,bus,success,19.9,2026-04-16T23:42:23
657,bus_13.0148_80.1744,bus,success,15.5,2026-04-16T23:42:30
658,bus_13.0146_80.1744,bus,success,16.0,2026-04-16T23:42:46
659,ஆழ்வார் பேட்டை,bus,success,74.1,2026-04-16T23:43:32
660,ஆழ்வார் பேட்டை,bus,success,72.9,2026-04-16T23:43:40
661,Bharathi Nagar,bus,success,17.3,2026-04-16T23:43:54
662,Yellow Pages,bus,success,45.2,2026-04-16T23:44:17
663,Jayanti,bus,success,35.5,2026-04-16T23:44:26
664,Jayanti,bus,success,34.9,2026-04-16T23:44:36
665,Guru Nanak College,bus,success,11.9,2026-04-16T23:44:43
666,VHS Hospital,bus,success,40.1,2026-04-16T23:45:12
667,Adyar,bus,success,54.0,2026-04-16T23:46:23
668,IIT Gate Bus Stop,bus,success,43.3,2026-04-16T23:46:29
669,Thiruvanmiyur ECR Moffusil Bus stop,bus,success,38.4,2026-04-16T23:46:41
670,Five Furlong Road,bus,success,20.0,2026-04-16T23:48:52
671,Velachery Check Post,bus,success,19.7,2026-04-16T23:49:04
672,Velachery Check Post,bus,success,20.3,2026-04-16T23:49:46
673,Guindy,bus,success,36.3,2026-04-16T23:49:53
674,கிண்டி,bus,success,25.9,2026-04-16T23:51:26
675,bus_12.9908_80.2300,bus,success,48.0,2026-04-16T23:51:31
676,Campus cafe,bus,success,51.1,2026-04-16T23:52:15
677,"அரசு போக்குவரத்து கழகம் விழுப்புரம்,காஞ்சிபுரம் மண்டலம்,தாம்பரம் பேரூந்து நிலையம்",bus,success,9.0,2026-04-16T23:52:31
678,Bus Stop,bus,success,76.3,2026-04-16T23:52:49
679,VOC Nagar Bus Stop,bus,success,30.2,2026-04-16T23:53:04
680,Abirami theatre bus stop,bus,success,38.6,2026-04-16T23:54:28
681,YBM Koyambedu,bus,success,9.2,2026-04-16T23:54:36
682,bus_13.0154_80.1912,bus,success,32.1,2026-04-16T23:54:51
683,Vannanthurai,bus,success,59.1,2026-04-16T23:55:09
684,திருமங்கலம்,bus,success,58.2,2026-04-16T23:55:18
685,Bus Stop,bus,success,62.5,2026-04-16T23:55:58
686,bus_13.0631_80.2622,bus,success,25.0,2026-04-16T23:56:04
687,Military Quarters,bus,success,26.0,2026-04-16T23:56:16
688,ST Thomas Hospital,bus,success,26.1,2026-04-16T23:56:24
689,Panaiyur,bus,success,45.5,2026-04-16T23:57:01
690,T I Miller Bus Stop,bus,success,13.2,2026-04-16T23:57:08
691,T I Miller Bus Stop,bus,success,13.1,2026-04-16T23:57:19
692,Mofussil Bus Stop,bus,success,43.6,2026-04-16T23:58:30
693,Nungambakkam Police Station,bus,success,52.9,2026-04-16T23:58:38
694,Bus stop,bus,success,39.4,2026-04-16T23:59:08
695,பீர்க்கன்கரணை,bus,success,13.9,2026-04-16T23:59:16
696,IGP,bus,success,3.1,2026-04-16T23:59:22
697,ஆழ்வார் பேட்டை,bus,success,61.4,2026-04-16T23:59:29
698,Kotturpuram,bus,success,60.3,2026-04-16T23:59:36
699,Kottur,bus,success,51.8,2026-04-16T23:59:51
700,Birla planetarium / CLRI,bus,success,58.8,2026-04-16T23:59:58
701,Ascendas IT park,bus,success,8.2,2026-04-17T00:01:14
702,Music Academy,bus,success,43.9,2026-04-17T00:03:31
703,Indira Nagar,bus,success,9.3,2026-04-17T00:03:46
704,Indira Nagar,bus,success,9.6,2026-04-17T00:04:30
705,Lucas TVS Bus stop,bus,success,23.1,2026-04-17T00:04:37
706,Lucas TVS Bus stop,bus,success,22.8,2026-04-17T00:05:20
707,Ambattur OT,bus,success,12.6,2026-04-17T00:05:32
708,Canara Bank Bus Stop,bus,success,4.9,2026-04-17T00:06:00
709,Canara Bank Bus Stop,bus,success,5.8,2026-04-17T00:06:22
710,Telephone Exchange Bus Stop,bus,success,18.6,2026-04-17T00:06:34
711,Telephone Exchange Bus Stop,bus,success,18.0,2026-04-17T00:08:12
712,Ambattur Industrial Estate Bus Stop,bus,success,9.7,2026-04-17T00:08:20
713,Ambattur Industrial Estate Bus Stop,bus,success,10.4,2026-04-17T00:09:38
714,Wavin,bus,success,16.2,2026-04-17T00:10:50
715,Wavin,bus,success,15.6,2026-04-17T00:11:02
716,Anna Nagar West,bus,success,63.5,2026-04-17T00:11:27
717,Ambattur OT,bus,success,11.6,2026-04-17T00:12:43
718,Skywalk,bus,success,22.6,2026-04-17T00:12:52
719,Skywalk,bus,success,29.3,2026-04-17T00:13:23
720,Anna Arch,bus,success,20.2,2026-04-17T00:13:31
721,Dunlop,bus,success,8.2,2026-04-17T00:13:52
722,Golden Flats,bus,success,25.3,2026-04-17T00:14:26
723,Mehtha Nagar,bus,success,30.8,2026-04-17T00:14:34
724,Choolaimedu,bus,success,40.0,2026-04-17T00:16:14
725,Choolaimedu,bus,success,39.1,2026-04-17T00:16:22
726,Dunlop,bus,success,9.6,2026-04-17T00:19:10
727,Mehtha Nagar,bus,success,30.9,2026-04-17T00:20:21
728,Valluvar Kottam,bus,success,50.4,2026-04-17T00:21:31
729,Sembakkam,bus,success,14.9,2026-04-17T00:22:40
730,Sembakkam,bus,success,17.1,2026-04-17T00:22:48
731,மூவரசம்பட்டு,bus,success,12.6,2026-04-17T00:23:25
732,Brittania bus stop,bus,success,7.4,2026-04-17T00:23:34
733,Amutham,bus,success,23.2,2026-04-17T00:24:04
734,Anakaputhur Arunmathi Arch,bus,success,5.6,2026-04-17T00:24:23
735,Pammal Retta Pillayar,bus,success,5.8,2026-04-17T00:24:38
736,Anakaputhur High School,bus,success,7.6,2026-04-17T00:24:52
737,Pammal,bus,success,6.5,2026-04-17T00:25:00
738,Pammal CSI church,bus,success,5.5,2026-04-17T00:25:45
739,Anakaputhur Ambedhkar Silai,bus,success,8.0,2026-04-17T00:25:59
740,Kumaran Theater,bus,success,13.0,2026-04-17T00:26:37
741,Dhandeeswaram,bus,success,17.3,2026-04-17T00:26:45
742,Gandhi Road,bus,success,22.1,2026-04-17T00:27:03
743,Five Furlong Road,bus,success,18.9,2026-04-17T00:27:22
744,Olympia Tech Park,bus,success,25.9,2026-04-17T00:27:33
745,Mogaipair Junction,bus,success,16.4,2026-04-17T00:27:40
746,Velachery Vijaynagar,bus,success,20.3,2026-04-17T00:28:07
747,National Institute of Fashion Technology (N.I.F.T),bus,success,31.4,2026-04-17T00:28:26
748,Taramani 100 Feet Road,bus,success,5.4,2026-04-17T00:28:42
749,Taramani 100 Feet Road,bus,success,5.4,2026-04-17T00:28:49
750,Mahalakshmi Nagar,bus,success,19.6,2026-04-17T00:29:09
751,Gowrivakkam,bus,success,18.3,2026-04-17T00:29:15
752,Vijayanagaram,bus,success,15.2,2026-04-17T00:29:36
753,Medavakkam,bus,success,7.1,2026-04-17T00:30:50
754,Jeyachandran,bus,success,16.5,2026-04-17T00:31:02
755,High School,bus,success,21.4,2026-04-17T00:31:52
756,Pallikkaranai,bus,success,11.6,2026-04-17T00:32:03
757,Balaji Dental College,bus,success,4.8,2026-04-17T00:33:39
758,Kamatchi Memorial Hospital,bus,success,5.6,2026-04-17T00:33:45
759,Balaji Nagar,bus,success,4.5,2026-04-17T00:34:13
760,Tambaram Railway Station,bus,success,4.0,2026-04-17T00:34:20
761,Tambaram Railway Station,bus,success,4.0,2026-04-17T00:34:33
762,Velachery Vijaya Nagar,bus,success,19.3,2026-04-17T00:38:13
763,Velachery Railway Station,bus,success,17.0,2026-04-17T00:38:20
764,Kamatchi Memorial Hospital,bus,success,7.3,2026-04-17T00:38:26
765,Balaji Dental College,bus,success,5.3,2026-04-17T00:38:33
766,High School,bus,success,21.3,2026-04-17T00:38:55
767,Jeyachandran stores,bus,success,19.2,2026-04-17T00:39:03
768,Medavakkam,bus,success,10.7,2026-04-17T00:39:16
769,Medavakkam Junction,bus,success,17.5,2026-04-17T00:39:40
770,Gowrivakkan,bus,success,18.6,2026-04-17T00:39:56
771,Aadhi Nagar,bus,success,12.3,2026-04-17T00:40:08
772,Ponniamman Koil,bus,success,15.2,2026-04-17T00:41:19
773,Balaiah Garden,bus,success,17.2,2026-04-17T00:41:27
774,Ram Nagar,bus,success,7.3,2026-04-17T00:41:56
775,Sadasiva Nagar,bus,success,15.3,2026-04-17T00:42:05
776,Ashok Pillar,bus,success,53.3,2026-04-17T00:44:24
777,Kumaran Theater,bus,success,12.5,2026-04-17T00:44:33
778,மூவரசம்பட்டு கூட்ரோடு,bus,success,11.0,2026-04-17T00:44:44
779,Flower Bazaar,bus,success,4.3,2026-04-17T00:45:23
780,bus_12.9886_80.1977,bus,success,14.2,2026-04-17T00:45:37
781,Mahalakshmi Colony,bus,success,9.2,2026-04-17T00:45:52
782,Mahalakshmi Apartments,bus,success,9.3,2026-04-17T00:46:13
783,Aalandur Metro,bus,success,19.5,2026-04-17T00:47:28
784,Cement Road,bus,success,15.1,2026-04-17T00:47:34
785,Pillayar Koil,bus,success,17.1,2026-04-17T00:49:35
786,Chellammal College,bus,success,40.0,2026-04-17T00:51:44
787,Todhunter Nagar,bus,success,26.8,2026-04-17T00:53:55
788,Nandanam,bus,success,48.2,2026-04-17T00:54:02
789,Vani Mahal,bus,success,48.5,2026-04-17T00:54:28
790,Vani Mahal,bus,success,47.9,2026-04-17T00:54:47
791,UTI Bank,bus,success,11.0,2026-04-17T00:56:19
792,UTI Bank,bus,success,11.6,2026-04-17T00:56:26
793,UTI Bank,bus,success,11.0,2026-04-17T00:57:07
794,Jai Gopal Garodia School,bus,success,17.5,2026-04-17T00:57:15
795,Independence Day Park,bus,success,22.6,2026-04-17T00:57:23
796,Vetrivel Theatre,bus,success,24.3,2026-04-17T00:57:31
797,Meenambakkam Metro,bus,success,21.5,2026-04-17T00:58:43
798,Pillayar Koil,bus,success,3.5,2026-04-17T00:58:52
799,Pillayar Koil,bus,success,3.7,2026-04-17T00:59:06
800,Phoenix Mall,bus,success,11.0,2026-04-17T00:59:12
801,Erikkarai,bus,success,13.7,2026-04-17T01:00:07
802,Rajalakshmi Nagar,bus,success,9.6,2026-04-17T01:00:16
803,Guindy Race Course,bus,success,64.8,2026-04-17T01:01:23
804,Nanganallur Metro Station,bus,success,46.7,2026-04-17T01:01:40
805,GN Chetty Road,bus,success,40.1,2026-04-17T01:02:22
806,Halda,bus,success,47.7,2026-04-17T01:02:27
807,Erikkarai,bus,success,13.7,2026-04-17T01:03:18
808,Alamaram Bus Stop,bus,success,24.4,2026-04-17T01:03:26
809,New Woodlands,bus,success,48.8,2026-04-17T01:03:41
810,New Woodlands,bus,success,48.4,2026-04-17T01:03:54
811,AVM Rajeshwari Thirumana Mandapam,bus,success,50.5,2026-04-17T01:04:03
812,Yellow Pages,bus,success,41.1,2026-04-17T01:04:20
813,Radha Krishnan Salai Kalyani Hospital,bus,success,33.2,2026-04-17T01:04:33
814,Yellow Pages,bus,success,41.6,2026-04-17T01:04:45
815,Kalyani Hospital,bus,success,32.4,2026-04-17T01:05:18
816,bus_13.0439_80.2717,bus,success,33.0,2026-04-17T01:05:27
817,JK Mahal,bus,success,21.7,2026-04-17T01:06:00
818,Baby Nagar,bus,success,27.5,2026-04-17T01:06:07
819,MMDA Colony,bus,success,18.5,2026-04-17T01:06:28
820,bus_13.0099_80.2594,bus,success,60.0,2026-04-17T01:06:47
821,Bharathy Nagar,bus,success,14.3,2026-04-17T01:08:02
822,Baby Nagar,bus,success,28.4,2026-04-17T01:08:09
823,Barathiyar Nagar,bus,success,5.0,2026-04-17T01:08:47
824,Barathiyar Nagar,bus,success,4.9,2026-04-17T01:08:59
825,Malayambakkam-Stalin Nagar,bus,success,28.3,2026-04-17T01:09:05
826,bus_13.0327_80.0888,bus,success,28.0,2026-04-17T01:10:24
827,bus_13.0378_80.0870,bus,success,26.3,2026-04-17T01:10:30
828,bus_13.0420_80.0857,bus,success,23.2,2026-04-17T01:11:48
829,Chikkarayapuram,bus,success,10.7,2026-04-17T01:11:53
830,South Malayambakkam,bus,success,16.1,2026-04-17T01:11:57
831,Kundrathur,bus,success,10.3,2026-04-17T01:12:18
832,Kundrathur-Natham-Murugan Temple,bus,success,41.8,2026-04-17T01:12:23
833,Thirumudivakkam-SIDCO,bus,success,18.7,2026-04-17T01:12:41
834,Pazhanthandalam,bus,success,25.5,2026-04-17T01:12:50
835,Erumaiyur,bus,success,36.2,2026-04-17T01:13:02
836,Varadharajapuram-Kishkinda,bus,success,41.5,2026-04-17T01:13:07
837,Varadharajapuram-Kishkinda,bus,success,36.5,2026-04-17T01:13:12
838,Erumaiyur,bus,success,41.0,2026-04-17T01:13:16
839,Pazhanthandalam,bus,success,22.9,2026-04-17T01:13:21
840,Thirumudivakkam-SIDCO,bus,success,21.2,2026-04-17T01:13:30
841,Kundrathur-Natham-Murugan Temple,bus,success,60.2,2026-04-17T01:13:36
842,Kundrathur,bus,success,8.2,2026-04-17T01:13:42
843,Kundrathur - Lake View Road,bus,success,14.8,2026-04-17T01:13:54
844,Chikkarayapuram,bus,success,10.0,2026-04-17T01:13:59
845,Malayambakkam-Stalin Nagar,bus,success,25.7,2026-04-17T01:14:34
846,bus_13.0327_80.0896,bus,success,25.7,2026-04-17T01:14:58
847,bus_13.0382_80.0877,bus,success,19.4,2026-04-17T01:15:08
848,bus_13.0439_80.0860,bus,success,23.6,2026-04-17T01:17:32
849,Varadharajapuram - Rayappa Nagar,bus,success,32.8,2026-04-17T01:18:40
850,Varadharajapuram - Rayappa Nagar,bus,success,70.0,2026-04-17T01:18:45
851,முடிச்சூர்,bus,success,26.5,2026-04-17T01:18:54
852,முடிச்சூர்,bus,success,31.8,2026-04-17T01:19:04
853,bus_12.8968_80.0709,bus,success,31.5,2026-04-17T01:19:17
854,bus_12.8967_80.0702,bus,success,29.1,2026-04-17T01:19:24
855,bus_12.8922_80.0711,bus,success,32.2,2026-04-17T01:19:40
856,bus_12.8902_80.0710,bus,success,39.8,2026-04-17T01:20:15
857,bus_13.2489_80.2324,bus,success,49.6,2026-04-17T01:21:27
858,bus_13.2358_80.2157,bus,success,18.8,2026-04-17T01:21:31
859,bus_13.2222_80.1933,bus,success,83.2,2026-04-17T01:22:47
860,bus_13.2182_80.1838,bus,success,73.1,2026-04-17T01:22:56
861,Vijayanallur,bus,success,18.0,2026-04-17T01:23:18
862,bus_13.1962_80.1558,bus,success,11.8,2026-04-17T01:23:25
863,bus_13.1924_80.1529,bus,success,20.0,2026-04-17T01:23:37
864,bus_13.1826_80.1477,bus,success,31.7,2026-04-17T01:23:42
865,bus_13.1810_80.1457,bus,success,31.2,2026-04-17T01:23:48
866,bus_13.1781_80.1362,bus,success,9.3,2026-04-17T01:23:56
867,Saint Michaels Polytechnic College,bus,success,11.3,2026-04-17T01:24:00
868,bus_13.1811_80.1164,bus,success,13.1,2026-04-17T01:24:14
869,bus_13.1790_80.1014,bus,success,47.3,2026-04-17T01:24:22
870,bus_13.1756_80.0768,bus,success,75.0,2026-04-17T01:24:39
871,bus_13.1738_80.0725,bus,success,68.6,2026-04-17T01:24:45
872,bus_13.1678_80.0677,bus,success,50.0,2026-04-17T01:24:52
873,bus_13.1522_80.0562,bus,success,68.9,2026-04-17T01:25:05
874,bus_13.1438_80.0530,bus,success,62.3,2026-04-17T01:25:17
875,bus_13.1423_80.0537,bus,success,58.9,2026-04-17T01:25:24
876,bus_13.1384_80.0526,bus,success,57.9,2026-04-17T01:25:30
877,bus_13.1350_80.0532,bus,success,54.6,2026-04-17T01:25:39
878,bus_13.1276_80.0530,bus,success,33.6,2026-04-17T01:25:47
879,bus_13.1278_80.0522,bus,success,33.7,2026-04-17T01:25:54
880,bus_13.1252_80.0528,bus,success,31.9,2026-04-17T01:26:01
881,bus_13.1250_80.0520,bus,success,31.6,2026-04-17T01:26:09
882,Karunakaracheri,bus,success,38.0,2026-04-17T01:26:15
883,bus_13.1075_80.0528,bus,success,41.8,2026-04-17T01:26:27
884,Amudurmedu,bus,success,45.0,2026-04-17T01:26:34
885,Amudurmedu,bus,success,57.5,2026-04-17T01:26:39
886,Thirumanam Chithukkadu,bus,success,39.2,2026-04-17T01:26:44
887,Thirumanam Chithukkadu,bus,success,44.2,2026-04-17T01:26:49
888,bus_13.0874_80.0593,bus,success,26.7,2026-04-17T01:26:53
889,bus_13.0881_80.0576,bus,success,31.5,2026-04-17T01:26:57
890,bus_13.0762_80.0673,bus,success,20.0,2026-04-17T01:27:06
891,bus_13.0760_80.0683,bus,success,23.1,2026-04-17T01:27:15
892,bus_13.0687_80.0720,bus,success,2.6,2026-04-17T01:27:19
893,bus_13.0645_80.0756,bus,success,0.0,2026-04-17T01:27:33
894,Varadharajapuram,bus,success,2.1,2026-04-17T01:27:43
895,Varadharajapuram,bus,success,18.9,2026-04-17T01:27:47
896,The Esplanade,bus,success,11.0,2026-04-17T01:28:14
897,Anna Nagar Roundtana,bus,success,56.9,2026-04-17T01:28:23
898,Ganesh Nagar,bus,success,12.0,2026-04-17T01:28:49
899,Nandanam YMCA,bus,success,47.9,2026-04-17T01:29:08
900,bus_13.0220_80.2262,bus,success,15.5,2026-04-17T01:29:20
901,bus_13.0195_80.2065,bus,success,18.5,2026-04-17T01:29:47
902,Guindy Railway Station,bus,success,45.3,2026-04-17T01:29:53
903,Taj Connemara,bus,success,28.5,2026-04-17T01:30:01
904,US Embassy,bus,success,30.8,2026-04-17T01:30:10
905,Anand Theater,bus,success,19.7,2026-04-17T01:30:24
906,Spencer Plaza,bus,success,21.0,2026-04-17T01:30:31
907,LIC,bus,success,15.8,2026-04-17T01:31:01
908,TTK Road Adyar Gate,bus,success,75.2,2026-04-17T01:31:08
909,TTK Road,bus,success,68.6,2026-04-17T01:31:18
910,Kotturpuram Bridge,bus,success,52.8,2026-04-17T01:31:55
911,Tcs bus stop,bus,success,16.3,2026-04-17T01:32:13
912,bus_13.1076_80.1867,bus,success,26.1,2026-04-17T01:33:25
913,bus_13.1065_80.2801,bus,success,30.0,2026-04-17T01:33:33
914,bus_13.1113_80.2779,bus,success,18.5,2026-04-17T01:33:41
915,Kanthanchavadi,bus,success,7.9,2026-04-17T01:33:55
916,Kanthanchavadi,bus,success,5.9,2026-04-17T01:34:01
917,Nandanam Officers Enclave,bus,success,50.3,2026-04-17T01:34:08
918,Nandanam Officers Enclave,bus,success,50.0,2026-04-17T01:34:17
919,General Post Office,bus,success,11.2,2026-04-17T01:34:35
920,Beach Station,bus,success,10.4,2026-04-17T01:34:42
921,Moolakothalam,bus,success,25.7,2026-04-17T01:34:51
922,Moolakothalam,bus,success,25.2,2026-04-17T01:35:11
923,Mannadi,bus,success,5.9,2026-04-17T01:35:20
924,Loyer Square,bus,success,4.6,2026-04-17T01:35:33
925,Church,bus,success,46.2,2026-04-17T01:35:39
926,Church,bus,success,45.8,2026-04-17T01:36:16
927,Veppampattu (Madha Koil),bus,success,52.6,2026-04-17T01:38:35
928,Veppampattu (Madha Koil),bus,success,53.2,2026-04-17T01:38:42
929,Sri Chelliamman Temple,bus,success,56.1,2026-04-17T01:38:47
930,Sri Chelliamman Temple,bus,success,56.7,2026-04-17T01:38:54
931,Ayathur Chathiram,bus,success,64.2,2026-04-17T01:38:59
932,Ayathur Chathiram,bus,success,64.2,2026-04-17T01:39:08
933,Thirumanglam,bus,success,58.5,2026-04-17T01:39:16
934,Annanagar,bus,success,53.9,2026-04-17T01:39:25
935,Annanagar,bus,success,51.8,2026-04-17T01:39:39
936,Padi,bus,success,29.5,2026-04-17T01:40:23
937,Padi,bus,success,28.9,2026-04-17T01:40:32
938,Tcs bus stop,bus,success,16.5,2026-04-17T01:40:49
939,Thyagaraya Nagar,bus,success,43.2,2026-04-17T01:41:03
940,Island Grounds,bus,success,38.6,2026-04-17T01:41:10
941,Island Grounds,bus,success,39.8,2026-04-17T01:41:16
942,Sridevi Kuppam main road bus stop,bus,success,15.9,2026-04-17T01:41:33
943,Payaigada,bus,success,8.1,2026-04-17T01:41:40
944,Moolakkothanam,bus,success,29.1,2026-04-17T01:41:55
945,புதுப்பேர்,bus,success,34.4,2026-04-17T01:42:09
946,Govardanagiri,bus,success,27.9,2026-04-17T01:42:17
947,Maangadu,bus,success,9.3,2026-04-17T01:42:45
948,Maangadu Depot,bus,success,7.2,2026-04-17T01:42:54
949,Gangai Amman Koil,bus,success,4.9,2026-04-17T01:44:14
950,Saveetha Hospital,bus,success,4.5,2026-04-17T01:44:22
951,Kumanan Savadi,bus,success,3.5,2026-04-17T01:44:37
952,Karayan Savadi,bus,success,7.8,2026-04-17T01:44:46
953,Senneerkuppam Electricity Board,bus,success,8.5,2026-04-17T01:44:53
954,Senneerkuppam,bus,success,13.6,2026-04-17T01:45:01
955,Vetrilai Thottam,bus,success,22.7,2026-04-17T01:45:13
956,SA Engineering College,bus,success,25.3,2026-04-17T01:45:27
957,Panchayat,bus,success,17.6,2026-04-17T01:45:58
958,Melpakkam,bus,success,40.2,2026-04-17T01:46:08
959,Paruthipattu,bus,success,24.7,2026-04-17T01:47:28
960,Iyankulam,bus,success,18.9,2026-04-17T01:47:37
961,Govardanagiri,bus,success,20.3,2026-04-17T01:47:58
962,Moorthy Nagar,bus,success,22.5,2026-04-17T01:48:13
963,JB Estate,bus,success,12.1,2026-04-17T01:48:20
964,Avadi Mosque,bus,success,12.4,2026-04-17T01:48:37
965,Kannigapuram,bus,success,5.3,2026-04-17T01:48:45
966,Kannigapuram,bus,success,5.6,2026-04-17T01:49:15
967,Pammal,bus,success,6.8,2026-04-17T01:49:23
968,Gerugambakkam High School,bus,success,5.4,2026-04-17T01:49:36
969,Anakaputhur Amman Temple,bus,success,7.2,2026-04-17T01:49:44
970,bus_12.8872_80.1842,bus,success,35.0,2026-04-17T01:50:55
971,bus_13.0740_80.2268,bus,success,35.0,2026-04-17T01:51:03
972,bus_13.0566_80.1136,bus,success,15.0,2026-04-17T01:51:22
973,bus_13.0512_80.0897,bus,success,9.4,2026-04-17T01:51:31
974,Mint New Bus Stop,bus,success,23.2,2026-04-17T01:52:15
975,Puzhuthivakkam Railway Station (Temporary),bus,success,11.9,2026-04-17T01:52:27
976,Temporary unmarked bus stop,bus,success,11.9,2026-04-17T01:52:33
977,Senthil nagar,bus,success,8.6,2026-04-17T01:52:57
978,Senthil nagar,bus,success,8.7,2026-04-17T01:53:12
979,Senthil nagar,bus,success,8.7,2026-04-17T01:53:22
980,bus_13.1183_80.1984,bus,success,12.4,2026-04-17T01:53:31
981,Puzhal Camp,bus,success,1.7,2026-04-17T01:53:37
982,Ambedkar nagar,bus,success,8.3,2026-04-17T01:54:14
983,Ambedkar nagar,bus,success,8.4,2026-04-17T01:54:24
984,Kolathur Metro Water,bus,success,2.8,2026-04-17T01:55:00
985,Kolathur Metro Water,bus,success,4.1,2026-04-17T01:55:09
986,Shastri Nagar,bus,success,9.6,2026-04-17T01:55:25
987,Shastri Nagar,bus,success,9.9,2026-04-17T01:55:32
988,Madhavaram Rountana,bus,success,15.0,2026-04-17T01:55:54
989,Madhavaram Rountana,bus,success,16.7,2026-04-17T01:55:59
990,Kathirvedu Bypas,bus,success,4.8,2026-04-17T01:56:34
991,Kathirvedu Bypass,bus,success,4.1,2026-04-17T01:56:40
992,Puzhal Camp,bus,success,2.8,2026-04-17T01:57:19
993,Ambattur Camp,bus,success,1.9,2026-04-17T01:57:24
994,Puzhal Jail,bus,success,12.9,2026-04-17T01:57:31
995,Puzhal Jail,bus,success,13.2,2026-04-17T01:57:43
996,Kavankarai,bus,success,13.1,2026-04-17T01:58:08
997,Kavankarai,bus,success,12.3,2026-04-17T01:58:14
998,Sri Nallagu Polytechnic college,bus,success,19.6,2026-04-17T01:58:18
999,Sri Nallagu Nadar Polytechnic College,bus,success,16.5,2026-04-17T01:58:23
1000,Redhills Market,bus,success,1.1,2026-04-17T01:58:30
1001,Redhills Market,bus,success,1.4,2026-04-17T01:58:36
1002,Thirumangalam EB Office,bus,success,26.0,2026-04-17T01:58:44
1003,Dhandeeswaram,bus,success,17.5,2026-04-17T01:58:51
1004,BSNL,bus,success,34.6,2026-04-17T01:59:00
1005,Udhayam Theatre,bus,success,54.8,2026-04-17T01:59:08
1006,Udhayam Theatre,bus,success,54.0,2026-04-17T01:59:21
1007,Guru Nanak,bus,success,12.7,2026-04-17T01:59:48
1008,Jawaharlal Nehru Road,bus,success,35.4,2026-04-17T01:59:56
1009,Koyambedu,bus,success,6.0,2026-04-17T02:00:04
1010,Nerkundram,bus,success,7.9,2026-04-17T02:02:16
1011,Vengaya Mandi,bus,success,8.1,2026-04-17T02:03:25
1012,Ration Shop,bus,success,7.2,2026-04-17T02:03:33
1013,Market,bus,success,11.8,2026-04-17T02:04:12
1014,Erikkarai,bus,success,4.4,2026-04-17T02:04:19
1015,Vaanagaram,bus,success,10.3,2026-04-17T02:06:00
1016,Velappanchavadi,bus,success,21.7,2026-04-17T02:06:05
1017,Bus stop 2,bus,success,58.1,2026-04-17T02:06:48
1018,Nest Apartment,bus,success,53.9,2026-04-17T02:06:57
1019,bus_13.1506_80.1914,bus,success,23.9,2026-04-17T02:07:24
1020,Ayurveda Ashramam,bus,success,10.5,2026-04-17T02:08:39
1021,Korattur Water Canal Road,bus,success,8.6,2026-04-17T02:09:49
1022,Korattur Water Canal Road,bus,success,8.5,2026-04-17T02:09:56
1023,Madanankuppam,bus,success,20.6,2026-04-17T02:11:16
1024,Madanankuppam,bus,success,21.2,2026-04-17T02:11:29
1025,bus_13.0772_80.2251,bus,success,36.2,2026-04-17T02:13:06
1026,bus_13.0845_80.2199,bus,success,54.4,2026-04-17T02:13:13
1027,bus_13.0847_80.2198,bus,success,54.3,2026-04-17T02:15:04
1028,Kandaswamy College,bus,success,61.9,2026-04-17T02:15:13
1029,Kandaswamy College,bus,success,61.4,2026-04-17T02:15:30
1030,Senthil nagar,bus,success,9.3,2026-04-17T02:16:10
1031,Srinivasa nagar,bus,success,17.7,2026-04-17T02:16:33
1032,Srinivasa nagar,bus,success,17.8,2026-04-17T02:19:13
1033,Ilankali amman koil,bus,success,15.5,2026-04-17T02:19:22
1034,Ilankali amman koil,bus,success,15.2,2026-04-17T02:19:53
1035,South Redhills Road Market,bus,success,12.1,2026-04-17T02:20:03
1036,Kallikuppam,bus,success,12.1,2026-04-17T02:21:19
1037,Kallikuppam,bus,success,12.2,2026-04-17T02:22:29
1038,Kallikuppam koil,bus,success,11.5,2026-04-17T02:22:36
1039,West balaji nagar,bus,success,11.3,2026-04-17T02:23:01
1040,Pudur,bus,success,10.0,2026-04-17T02:23:11
1041,Sholinganallur bus stand,bus,success,14.3,2026-04-17T02:23:48
1042,Urapakkam school stop,bus,success,30.1,2026-04-17T02:24:58
1043,Nethaji Nagar Bus Stop,bus,success,7.2,2026-04-17T02:25:04
1044,ITC,bus,success,7.5,2026-04-17T02:26:22
1045,bus_13.1862_80.3076,bus,success,9.8,2026-04-17T02:26:31
1046,Periyakasi Temple Stop,bus,success,8.2,2026-04-17T02:27:44
1047,ITC bus Stop,bus,success,8.5,2026-04-17T02:28:52
1048,ITC Bus Stop,bus,success,9.0,2026-04-17T02:29:02
1049,Bus Stop,bus,success,8.5,2026-04-17T02:31:38
1050,Bus Stop,bus,success,22.1,2026-04-17T02:31:46
1051,bus_13.1366_80.2308,bus,success,7.8,2026-04-17T02:33:36
1052,bus_13.1351_80.2386,bus,success,13.5,2026-04-17T02:33:42
1053,bus_13.1293_80.2414,bus,success,7.5,2026-04-17T02:34:55
1054,Karappakkam,bus,success,9.2,2026-04-17T02:35:01
1055,Ponniyamman Koyil,bus,success,19.5,2026-04-17T02:35:07
1056,Kumaran Nagar,bus,success,33.9,2026-04-17T02:35:13
1057,Nedungundram bus stop,bus,success,57.3,2026-04-17T02:35:19
1058,bus_13.2211_80.1675,bus,success,20.5,2026-04-17T02:35:26
1059,Baby nagar,bus,success,27.9,2026-04-17T02:35:55
1060,Valluvar kottam,bus,success,50.1,2026-04-17T02:37:06
1061,Pushpa nagar,bus,success,53.5,2026-04-17T02:38:16
1062,bus_13.1032_80.2077,bus,success,11.6,2026-04-17T02:38:27
1063,Alandur,metro,success,18.0,2026-04-17T02:38:31
1064,St. Thomas Mount,metro,success,15.5,2026-04-17T02:38:36
1065,Ekkattuthangal,metro,success,20.6,2026-04-17T02:38:47
1066,Ashok Nagar,metro,success,56.5,2026-04-17T02:38:52
1067,Vadapalani,metro,success,18.2,2026-04-17T02:38:57
1068,Arumbakkam,metro,success,9.4,2026-04-17T02:39:08
1069,CMBT,metro,success,27.4,2026-04-17T02:39:33
1070,Koyambedu,metro,success,7.4,2026-04-17T02:42:56
1071,Pachaiyappa's College,metro,success,36.0,2026-04-17T02:45:06
1072,Kilpauk,metro,success,48.9,2026-04-17T02:46:16
1073,Nehru Park,metro,success,30.4,2026-04-17T02:46:23
1074,Egmore,metro,success,18.0,2026-04-17T02:46:58
1075,Saidapet,metro,success,21.9,2026-04-17T02:47:07
1076,LIC Colony,metro,success,9.5,2026-04-17T02:47:15
1077,Government Estate,metro,success,8.9,2026-04-17T02:47:23
1078,Mannadi,metro,success,4.8,2026-04-17T02:47:35
1079,Washermanpet,metro,success,24.5,2026-04-17T02:47:40
1080,Nanganallur Road,metro,success,45.7,2026-04-17T02:48:48
1081,Meenambakkam,metro,success,21.1,2026-04-17T02:48:50
1082,Chennai International Airport,metro,success,12.1,2026-04-17T02:48:56
1083,Teynampet,metro,success,43.8,2026-04-17T02:49:13
1084,Nandanam,metro,success,47.8,2026-04-17T02:50:31
1085,Shenoy Nagar,metro,success,39.6,2026-04-17T02:51:39
1086,Guindy,metro,success,52.3,2026-04-17T02:51:46
1087,AG-DMS,metro,success,45.4,2026-04-17T02:51:54
1088,Chennai Metro Central,metro,success,10.0,2026-04-17T02:53:09
1089,High Court,metro,success,7.3,2026-04-17T02:53:19
1090,Thousand Lights,metro,success,20.1,2026-04-17T02:53:59
1091,Thyagaraya College,metro,success,9.7,2026-04-17T02:54:15
1092,Tondiarpet,metro,success,13.6,2026-04-17T02:54:53
1093,Wimco Nagar,metro,success,7.8,2026-04-17T02:54:58
1094,Thiruvottiyur,metro,success,5.8,2026-04-17T02:56:35
1095,Kaladipet,metro,success,3.3,2026-04-17T02:56:43
1096,Customs,metro,success,13.3,2026-04-17T02:57:10
1097,Puduvannarapettai,metro,success,9.8,2026-04-17T02:57:29
1098,Thiruvottiyur Theradi,metro,success,1.9,2026-04-17T02:57:36
1099,Chennai Beach,mrts,success,11.8,2026-04-17T02:57:40
1100,Chennai Fort,mrts,success,21.0,2026-04-17T02:57:44
1101,Parktown,mrts,success,15.0,2026-04-17T02:57:48
1102,Chintadripet,mrts,success,19.1,2026-04-17T02:57:57
1103,Chepauk,mrts,success,19.6,2026-04-17T02:58:03
1104,Tiruvelikeni,mrts,success,20.1,2026-04-17T02:58:11
1105,Light House,mrts,success,25.1,2026-04-17T02:58:21
1106,Mundakanni Amman Koil,mrts,success,25.1,2026-04-17T02:58:36
1107,Thirumayilai,mrts,success,40.6,2026-04-17T02:58:44
1108,Mandaveli,mrts,success,59.8,2026-04-17T02:59:01
1109,Greenways Road,mrts,success,57.9,2026-04-17T02:59:07
1110,Kotturpuram,mrts,success,40.9,2026-04-17T03:00:20
1111,Kasturiba Nagar,mrts,success,43.7,2026-04-17T03:02:32
1112,Indira Nagar,mrts,success,62.5,2026-04-17T03:02:38
1113,Thiruvanmiyur,mrts,success,39.5,2026-04-17T03:02:50
1114,Taramani,mrts,success,4.1,2026-04-17T03:07:04
1115,Perungudi,mrts,success,15.2,2026-04-17T03:08:17
1116,Velachery,mrts,success,13.6,2026-04-17T03:08:24
1117,Royapuram,mrts,success,25.6,2026-04-17T03:10:01
1118,Washermanpet,mrts,success,22.4,2026-04-17T03:10:10
1119,Chennai Central,mrts,success,8.3,2026-04-17T03:10:46
1120,Basin Bridge,mrts,success,32.4,2026-04-17T03:11:54
1121,Vyasarpadi Jeeva,mrts,success,20.6,2026-04-17T03:12:02
1122,Perambur,mrts,success,27.0,2026-04-17T03:12:26
1123,Charrjage Works,mrts,success,28.1,2026-04-17T03:13:34
1124,Loco Works,mrts,success,49.8,2026-04-17T03:13:40
1125,Villivakkam,mrts,success,6.1,2026-04-17T03:17:36
1126,Korattur,mrts,success,10.0,2026-04-17T03:17:43
1127,Pattaravakkam,mrts,success,6.8,2026-04-17T03:18:20
1128,Ambattur,mrts,success,6.5,2026-04-17T03:18:28
1129,Thirumullaivoil,mrts,success,22.6,2026-04-17T03:20:13
1130,Annanur,mrts,success,33.4,2026-04-17T03:20:22
1131,Avadi,mrts,success,12.0,2026-04-17T03:22:10
1132,Hindu College,mrts,success,30.1,2026-04-17T03:22:17
1133,Pattabiram,mrts,success,14.7,2026-04-17T03:26:02
1134,Tiruninravur,mrts,success,25.7,2026-04-17T03:26:08
1135,Veppambattu,mrts,success,58.9,2026-04-17T03:27:50
1136,Sevvapet Road,mrts,success,68.1,2026-04-17T03:30:00
1137,Putlur,mrts,success,55.7,2026-04-17T03:30:06
1138,Thiruvallur,mrts,success,8.4,2026-04-17T03:30:28
1139,Chennai Park,mrts,success,9.6,2026-04-17T03:30:50
1140,Chennai Egmore,mrts,success,20.1,2026-04-17T03:30:58
1141,Chetpet,mrts,success,37.7,2026-04-17T03:31:40
1142,Nungambakkam,mrts,success,39.9,2026-04-17T03:33:02
1143,Kodambakkam,mrts,success,41.9,2026-04-17T03:34:11
1144,Mambalam,mrts,success,20.0,2026-04-17T03:34:17
1145,Saidapet,mrts,success,14.4,2026-04-17T03:34:23
1146,Guindy,mrts,success,45.5,2026-04-17T03:34:43
1147,St Thomas Mount,mrts,success,15.1,2026-04-17T03:37:09
1148,Pazhavanthangal,mrts,success,10.5,2026-04-17T03:40:21
1149,Meenambakkam,mrts,success,31.3,2026-04-17T03:40:27
1150,Tirusulam,mrts,success,17.4,2026-04-17T03:43:47
1151,Pallavaram,mrts,success,9.3,2026-04-17T03:44:00
1152,Chromepet,mrts,success,14.1,2026-04-17T03:45:42
1153,Tambaram Sanatorium,mrts,success,11.9,2026-04-17T03:45:49
1154,Tambaram,mrts,success,10.8,2026-04-17T03:48:44
1155,Korukkupet,mrts,success,3.6,2026-04-17T03:48:53
1156,Tondiarpet,mrts,success,12.2,2026-04-17T03:49:28
1157,V.O.C. Nagar,mrts,success,34.0,2026-04-17T03:49:33
1158,Thiruvottiyur,mrts,success,4.2,2026-04-17T03:49:39
1159,Wimco Nagar,mrts,success,8.6,2026-04-17T03:49:45
1160,Kathikivakkam,mrts,success,47.1,2026-04-17T03:49:50
1161,Ennore,mrts,success,8.2,2026-04-17T03:50:24
1162,Attipattu Pudunagar,mrts,success,31.2,2026-04-17T03:50:33
1163,Attipattu,mrts,success,64.3,2026-04-17T03:51:02
1164,Nandiambakkam,mrts,success,74.6,2026-04-17T03:52:25
1165,Minijur,mrts,success,34.5,2026-04-17T03:52:30
1166,Perungalathur,mrts,success,9.2,2026-04-17T03:55:54
1167,Vandalur,mrts,success,27.7,2026-04-17T03:56:00
1168,Urappakkam,mrts,success,33.1,2026-04-17T03:56:26
1169,Guduvancheri,mrts,success,10.5,2026-04-17T03:56:38
1170,Potheri,mrts,success,41.5,2026-04-17T03:57:54
1171,Kattangulathur,mrts,success,17.7,2026-04-17T03:58:02
1172,BALAJI NAGAR,mrts,success,10.7,2026-04-17T03:59:29
1173,ADAMBAKKAM,mrts,success,13.5,2026-04-17T04:00:51
1174,THILAI GANGA NAGAR,mrts,success,16.0,2026-04-17T04:01:02
